Start Time,End Time
1,358
488,1200
1331,2114
2245,2957
3087,3871
4001,4713
4844,5628
5758,6470
6600,7385
7516,8226
8357,9142
9272,9984
10114,10898
11029,11740
11871,12655
12785,13497
13628,14411
14542,15253
15384,16168
16300,17010
17141,17926
18056,18767
18897,19682
19813,20524
20655,21439
21570,22281
22412,23195
23326,24037
24169,24951
25083,25794
25925,26708
26841,27550
27682,28465
28597,29307
29440,30222
30354,31064
31196,31979
32110,32821
32953,33735
33867,34578
34710,35492
35624,36334
36466,37249
37381,38091
38223,39006
39138,39847
39980,40762
40894,41605
41737,42519
42651,43362
43494,44276
44408,45118
45250,46032
46164,46875
47007,47790
47922,48631
48763,49546
49678,50388
50521,51303
51435,52145
52278,53060
53192,53902
54034,54816
54948,55659
55791,56573
56706,57415
57547,58330
58462,59172
59304,60087
60219,60930
61061,61844
61976,62686
62818,63600
63732,64442
64575,65357
65489,66199
66331,67113
67246,67955
68088,68871
69003,69712
69844,70627
70760,71470
71602,72384
72516,73226
73359,74141
74273,74983
75115,75897
76029,76739
76872,77655
77787,78496
78628,79411
79544,80253
80386,81168
81300,82010
82143,82925
83057,83766
83899,84681
84813,85523
85656,86438
86571,87280
87412,88195
88328,89036
89169,89952
90085,90793
90927,91709
91841,92550
92683,93465
93598,94307
94440,95222
95354,96064
96196,96978
97112,97820
97953,98736
98869,99577
99710,100493
100625,101334
101467,102249
102382,103091
103224,104006
104138,104847
104980,105763
105895,106604
106737,107520
107653,108361
108494,109277
109409,110117
110251,111033
111166,111875
112008,112790
112922,113631
113764,114547
114679,115388
115521,116303
116436,117144
117277,118061
118193,118901
119034,119817
119950,120658
120792,121574
121706,122416
122548,123330
123463,124172
124305,125087
125220,125929
126061,126844
126977,127685
127818,128601
128734,129442
129575,130358
130491,131198
131332,132114
132247,132956
133089,133871
134004,134713
134845,135628
135760,136469
136602,137384
137518,138226
138359,139142
139275,139982
140115,140898
141031,141740
141873,142655
142788,143496
143629,144411
144544,145253
145386,146168
146301,147009
147143,147924
148059,148766
148899,149682
149815,150523
150657,151439
151572,152280
152413,153195
153328,154037
154170,154952
155085,155793
155926,156708
156841,157550
157683,158466
158599,159306
159440,160222
160356,161063
161197,161979
162112,162820
162954,163735
163869,164577
164711,165492
165626,166333
166467,167248
167383,168090
168224,169006
169140,169847
169980,170763
170896,171603
171738,172519
172653,173361
173494,174276
174410,175117
175251,176033
176166,176874
177008,177789
177924,178630
178764,179547
179680,180387
180521,181303
181437,182145
182278,183060
183194,183901
184035,184816
184950,185658
185792,186573
186707,187414
187548,188329
188464,189171
189305,190087
190221,190927
191062,191844
191977,192685
192819,193600
193734,194442
194575,195357
195491,196198
196332,197113
197248,197955
198088,198871
199005,199711
199845,200628
200761,201468
201603,202384
202518,203225
203359,204141
204275,204982
205116,205897
206031,206738
206873,207654
207789,208495
208629,209411
209545,210252
210386,211168
211302,212008
212143,212924
213059,213766
213900,214681
214815,215522
215656,216438
216572,217279
217413,218194
218330,219035
219170,219952
220086,220792
220926,221708
221843,222548
222684,223465
223599,224306
224440,225221
225356,226063
226197,226978
227113,227819
227954,228736
228870,229576
229710,230492
230627,231332
231468,232249
232384,233090
233224,234005
234140,234846
234981,235762
235897,236603
236738,237519
237655,238360
238494,239276
239411,240116
240251,241033
241168,241872
242009,242790
242924,243630
243765,244546
244681,245387
245522,246303
246437,247143
247278,248059
248195,248900
249035,249817
249952,250657
250792,251573
251708,252413
252549,253330
253465,254171
254306,255086
255221,255927
256062,256843
256978,257684
257819,258600
258736,259440
259576,260357
260492,261197
261332,262114
262249,262955
263090,263870
264005,264711
264846,265627
265762,266468
266603,267383
267520,268224
268359,269140
269276,269981
270116,270897
271033,271737
271874,272654
272789,273495
273630,274411
274546,275251
275387,276167
276303,277008
277143,277924
278060,278764
278900,279681
279817,280521
280657,281438
281573,282277
282414,283194
283330,284035
284171,284951
285087,285792
285927,286707
286843,287548
287684,288464
288601,289305
289440,290222
290357,291061
291197,291978
292114,292818
292954,293735
293870,294575
294711,295491
295627,296332
296468,297248
297384,298088
298224,299004
299141,299845
299981,300762
300898,301601
301737,302518
302654,303358
303495,304275
304411,305116
305252,306031
306168,306872
307008,307788
307924,308629
308765,309544
309682,310385
310521,311302
311438,312142
312279,313059
313195,313899
314036,314815
314952,315656
315792,316572
316708,317404
317406,317412
317549,318328
318466,319169
319306,320086
320223,320926
321062,321843
321979,322682
322820,323599
323736,324440
324576,325356
325492,326196
326333,327112
327249,327953
328089,328869
329006,329709
329846,330627
330763,331466
331603,332383
332520,333223
333360,334140
334276,334980
335117,335896
336033,336737
336873,337653
337789,338493
338630,339409
339547,340250
340386,341167
341304,342006
342144,342923
343060,343763
343901,344680
344817,345520
345657,346436
346573,347277
347414,348193
348331,349033
349171,349950
